ID,Name,to_Airframer_Id
005056A7-7CAC-1EDD-82FD-239FC3535C93,L-159,005056A7-7CAC-1EDD-82FD-239FC3533C93
005056A7-7CAC-1EDD-82FD-239FC3537C93,L-39NG,005056A7-7CAC-1EDD-82FD-239FC3533C93
005056A7-7CAC-1EDD-82FD-239FC353BC93,Super Lynx 200/Super Lynx 300,005056A7-7CAC-1EDD-82FD-239FC3539C93
005056A7-7CAC-1EDD-82FD-239FC353FC93,AT-402,005056A7-7CAC-1EDD-82FD-239FC353DC93
005056A7-7CAC-1EDD-82FD-239FC3541C93,AT-502A,005056A7-7CAC-1EDD-82FD-239FC353DC93
005056A7-7CAC-1EDD-82FD-239FC3543C93,AT-502B,005056A7-7CAC-1EDD-82FD-239FC353DC93
005056A7-7CAC-1EDD-82FD-239FC3545C93,AT-504,005056A7-7CAC-1EDD-82FD-239FC353DC93
005056A7-7CAC-1EDD-82FD-239FC3547C93,AT-602,005056A7-7CAC-1EDD-82FD-239FC353DC93
005056A7-7CAC-1EDD-82FD-239FC3549C93,AT-63,005056A7-7CAC-1EDD-82FD-239FC353DC93
005056A7-7CAC-1EDD-82FD-239FC354BC93,AT-802/A,005056A7-7CAC-1EDD-82FD-239FC353DC93
005056A7-7CAC-1EDD-82FD-239FC354FC93,333,005056A7-7CAC-1EDD-82FD-239FC354DC93
005056A7-7CAC-1EDD-82FD-239FC3551C93,350,005056A7-7CAC-1EDD-82FD-239FC354DC93
005056A7-7CAC-1EDD-82FD-239FC3553C93,A220-100/A220-300,005056A7-7CAC-1EDD-82FD-239FC354DC93
005056A7-7CAC-1EDD-82FD-239FC3555C93,A318/A318 Elite/A319/A319neo/A320-100/A320-200/A320neo/A321-200/A321neo,005056A7-7CAC-1EDD-82FD-239FC354DC93
005056A7-7CAC-1EDD-82FD-239FC3557C93,A330 -200/A330-300/A330-800neo/A330-900neo,005056A7-7CAC-1EDD-82FD-239FC354DC93
005056A7-7CAC-1EDD-82FD-239FC3559C93,A330 MRTT,005056A7-7CAC-1EDD-82FD-239FC354DC93
005056A7-7CAC-1EDD-82FD-239FC355BC93,A340 -300 X/A340-500/A340-600,005056A7-7CAC-1EDD-82FD-239FC354DC93
005056A7-7CAC-1EDD-82FD-239FC355DC93,A350-900/A350 -1000,005056A7-7CAC-1EDD-82FD-239FC354DC93
005056A7-7CAC-1EDD-82FD-239FC355FC93,A380,005056A7-7CAC-1EDD-82FD-239FC354DC93
005056A7-7CAC-1EDD-82FD-239FC3561C93,ACJ/ACJ318,005056A7-7CAC-1EDD-82FD-239FC354DC93
005056A7-7CAC-1EDD-82FD-239FC3565C93,A400M,005056A7-7CAC-1EDD-82FD-239FC3563C93
005056A7-7CAC-1EDD-82FD-239FC3567C93,C-212 -400,005056A7-7CAC-1EDD-82FD-239FC3563C93
005056A7-7CAC-1EDD-82FD-239FC3569C93,C-295,005056A7-7CAC-1EDD-82FD-239FC3563C93
005056A7-7CAC-1EDD-82FD-239FC356DC93,AS 332 C/L,005056A7-7CAC-1EDD-82FD-239FC356BC93
005056A7-7CAC-1EDD-82FD-239FC356FC93,AS 332 MK2/EC 225,005056A7-7CAC-1EDD-82FD-239FC356BC93
005056A7-7CAC-1EDD-82FD-239FC3571C93,AS 350 B2,005056A7-7CAC-1EDD-82FD-239FC356BC93
005056A7-7CAC-1EDD-82FD-239FC3573C93,AS 350 B3,005056A7-7CAC-1EDD-82FD-239FC356BC93
005056A7-7CAC-1EDD-82FD-239FC3575C93,AS 350 B3e,005056A7-7CAC-1EDD-82FD-239FC356BC93
005056A7-7CAC-1EDD-82FD-239FC3577C93,AS 355 NP,005056A7-7CAC-1EDD-82FD-239FC356BC93
005056A7-7CAC-1EDD-82FD-239FC3579C93,AS 365 N,005056A7-7CAC-1EDD-82FD-239FC356BC93
005056A7-7CAC-1EDD-82FD-239FC357BC93,AS 365 N3e,005056A7-7CAC-1EDD-82FD-239FC356BC93
005056A7-7CAC-1EDD-82FD-239FC357DC93,AS 532/332 C/L,005056A7-7CAC-1EDD-82FD-239FC356BC93
005056A7-7CAC-1EDD-82FD-239FC357FC93,AS 550 C3,005056A7-7CAC-1EDD-82FD-239FC356BC93
005056A7-7CAC-1EDD-82FD-239FC3581C93,AS 565,005056A7-7CAC-1EDD-82FD-239FC356BC93
005056A7-7CAC-1EDD-82FD-239FC3583C93,H120,005056A7-7CAC-1EDD-82FD-239FC356BC93
005056A7-7CAC-1EDD-82FD-239FC3585C93,H125,005056A7-7CAC-1EDD-82FD-239FC356BC93
005056A7-7CAC-1EDD-82FD-239FC3587C93,H125M,005056A7-7CAC-1EDD-82FD-239FC356BC93
005056A7-7CAC-1EDD-82FD-239FC3589C93,H130,005056A7-7CAC-1EDD-82FD-239FC356BC93
005056A7-7CAC-1EDD-82FD-239FC358BC93,H135,005056A7-7CAC-1EDD-82FD-239FC356BC93
005056A7-7CAC-1EDD-82FD-239FC358DC93,H135M,005056A7-7CAC-1EDD-82FD-239FC356BC93
005056A7-7CAC-1EDD-82FD-239FC358FC93,H145,005056A7-7CAC-1EDD-82FD-239FC356BC93
005056A7-7CAC-1EDD-82FD-239FC3591C93,H145M,005056A7-7CAC-1EDD-82FD-239FC356BC93
005056A7-7CAC-1EDD-82FD-239FC3593C93,H155,005056A7-7CAC-1EDD-82FD-239FC356BC93
005056A7-7CAC-1EDD-82FD-239FC3595C93,H160,005056A7-7CAC-1EDD-82FD-239FC356BC93
005056A7-7CAC-1EDD-82FD-239FC3597C93,H175,005056A7-7CAC-1EDD-82FD-239FC356BC93
005056A7-7CAC-1EDD-82FD-239FC3599C93,H215,005056A7-7CAC-1EDD-82FD-239FC356BC93
005056A7-7CAC-1EDD-82FD-239FC359BC93,H215M,005056A7-7CAC-1EDD-82FD-239FC356BC93
005056A7-7CAC-1EDD-82FD-239FC359DC93,H225,005056A7-7CAC-1EDD-82FD-239FC356BC93
005056A7-7CAC-1EDD-82FD-239FC359FC93,H225M,005056A7-7CAC-1EDD-82FD-239FC356BC93
005056A7-7CAC-1EDD-82FD-239FC35A1C93,Tiger,005056A7-7CAC-1EDD-82FD-239FC356BC93
005056A7-7CAC-1EDD-82FD-239FC35A3C93,Tiger (Preproduction),005056A7-7CAC-1EDD-82FD-239FC356BC93
005056A7-7CAC-1EDD-82FD-239FC35A5C93,Tiger ARH,005056A7-7CAC-1EDD-82FD-239FC356BC93
005056A7-7CAC-1EDD-82FD-239FC35A7C93,Tiger HAD,005056A7-7CAC-1EDD-82FD-239FC356BC93
005056A7-7CAC-1EDD-82FD-239FC35A9C93,Tiger HAP,005056A7-7CAC-1EDD-82FD-239FC356BC93
005056A7-7CAC-1EDD-82FD-239FC35ABC93,Tiger UHT,005056A7-7CAC-1EDD-82FD-239FC356BC93
005056A7-7CAC-1EDD-82FD-239FC35ADC93,UH-72A,005056A7-7CAC-1EDD-82FD-239FC356BC93
005056A7-7CAC-1EDD-82FD-239FC35B1C93,L 410,005056A7-7CAC-1EDD-82FD-239FC35AFC93
005056A7-7CAC-1EDD-82FD-239FC35B3C93,L 410 UVP-E,005056A7-7CAC-1EDD-82FD-239FC35AFC93
005056A7-7CAC-1EDD-82FD-239FC35B7C93,SF.260,005056A7-7CAC-1EDD-82FD-239FC35B5C93
005056A7-7CAC-1EDD-82FD-239FC35B9C93,SF.260 TP,005056A7-7CAC-1EDD-82FD-239FC35B5C93
005056A7-7CAC-1EDD-82FD-239FC35BDC93,7EC,005056A7-7CAC-1EDD-82FD-239FC35BBC93
005056A7-7CAC-1EDD-82FD-239FC35BFC93,7ECA,005056A7-7CAC-1EDD-82FD-239FC35BBC93
005056A7-7CAC-1EDD-82FD-239FC35C1C93,7GCAA,005056A7-7CAC-1EDD-82FD-239FC35BBC93
005056A7-7CAC-1EDD-82FD-239FC35C3C93,7GCBC,005056A7-7CAC-1EDD-82FD-239FC35BBC93
005056A7-7CAC-1EDD-82FD-239FC35C5C93,8GCBC,005056A7-7CAC-1EDD-82FD-239FC35BBC93
005056A7-7CAC-1EDD-82FD-239FC35C7C93,8KCAB,005056A7-7CAC-1EDD-82FD-239FC35BBC93
005056A7-7CAC-1EDD-82FD-239FC35CBC93,An-148,005056A7-7CAC-1EDD-82FD-239FC35C9C93
005056A7-7CAC-1EDD-82FD-239FC35CFC93,Archer,005056A7-7CAC-1EDD-82FD-239FC35CDC93
005056A7-7CAC-1EDD-82FD-239FC35D3C93,ATR-42 -500,005056A7-7CAC-1EDD-82FD-239FC35D1C93
005056A7-7CAC-1EDD-82FD-239FC35D5C93,ATR-42 -500 MP,005056A7-7CAC-1EDD-82FD-239FC35D1C93
005056A7-7CAC-1EDD-82FD-239FC35D7C93,ATR-42 -600,005056A7-7CAC-1EDD-82FD-239FC35D1C93
005056A7-7CAC-1EDD-82FD-239FC35D9C93,ATR-72 -500,005056A7-7CAC-1EDD-82FD-239FC35D1C93
005056A7-7CAC-1EDD-82FD-239FC35DBC93,ATR-72 -500 ASW,005056A7-7CAC-1EDD-82FD-239FC35D1C93
005056A7-7CAC-1EDD-82FD-239FC35DDC93,ATR-72 -600,005056A7-7CAC-1EDD-82FD-239FC35D1C93
005056A7-7CAC-1EDD-82FD-239FC35E1C93,Pitts S-2 B/C,005056A7-7CAC-1EDD-82FD-239FC35DFC93
005056A7-7CAC-1EDD-82FD-239FC35E5C93,AC301,005056A7-7CAC-1EDD-82FD-239FC35E3C93
005056A7-7CAC-1EDD-82FD-239FC35E7C93,AC311,005056A7-7CAC-1EDD-82FD-239FC35E3C93
005056A7-7CAC-1EDD-82FD-239FC35E9C93,AC311 A,005056A7-7CAC-1EDD-82FD-239FC35E3C93
005056A7-7CAC-1EDD-82FD-239FC35EBC93,AC312,005056A7-7CAC-1EDD-82FD-239FC35E3C93
005056A7-7CAC-1EDD-82FD-239FC35EDC93,AC313,005056A7-7CAC-1EDD-82FD-239FC35E3C93
005056A7-7CAC-1EDD-82FD-239FC35EFC93,H410A/H425,005056A7-7CAC-1EDD-82FD-239FC35E3C93
005056A7-7CAC-1EDD-82FD-239FC35F3C93,Hawk 100,005056A7-7CAC-1EDD-82FD-239FC35F1C93
005056A7-7CAC-1EDD-82FD-239FC35F5C93,Hawk 120,005056A7-7CAC-1EDD-82FD-239FC35F1C93
005056A7-7CAC-1EDD-82FD-239FC35F7C93,Hawk 120/128 LIFT,005056A7-7CAC-1EDD-82FD-239FC35F1C93
005056A7-7CAC-1EDD-82FD-239FC35F9C93,Nimrod MRA4,005056A7-7CAC-1EDD-82FD-239FC35F1C93
005056A7-7CAC-1EDD-82FD-239FC35FDC93,206 B III,005056A7-7CAC-1EDD-82FD-239FC35FBC93
005056A7-7CAC-1EDD-82FD-239FC35FFC93,206 L III/L IV,005056A7-7CAC-1EDD-82FD-239FC35FBC93
005056A7-7CAC-1EDD-82FD-239FC3601C93,407,005056A7-7CAC-1EDD-82FD-239FC35FBC93
005056A7-7CAC-1EDD-82FD-239FC3603C93,412,005056A7-7CAC-1EDD-82FD-239FC35FBC93
005056A7-7CAC-1EDD-82FD-239FC3605C93,412 EPI,005056A7-7CAC-1EDD-82FD-239FC35FBC93
005056A7-7CAC-1EDD-82FD-239FC3607C93,427,005056A7-7CAC-1EDD-82FD-239FC35FBC93
005056A7-7CAC-1EDD-82FD-239FC3609C93,429,005056A7-7CAC-1EDD-82FD-239FC35FBC93
005056A7-7CAC-1EDD-82FD-239FC360BC93,430,005056A7-7CAC-1EDD-82FD-239FC35FBC93
005056A7-7CAC-1EDD-82FD-239FC360DC93,505,005056A7-7CAC-1EDD-82FD-239FC35FBC93
005056A7-7CAC-1EDD-82FD-239FC360FC93,525,005056A7-7CAC-1EDD-82FD-239FC35FBC93
005056A7-7CAC-1EDD-82FD-239FC3611C93,AH-1 Z,005056A7-7CAC-1EDD-82FD-239FC35FBC93
005056A7-7CAC-1EDD-82FD-239FC3613C93,CMV-22B,005056A7-7CAC-1EDD-82FD-239FC35FBC93
005056A7-7CAC-1EDD-82FD-239FC3615C93,CV-22,005056A7-7CAC-1EDD-82FD-239FC35FBC93
005056A7-7CAC-1EDD-82FD-239FC3617C93,MV-22,005056A7-7CAC-1EDD-82FD-239FC35FBC93
005056A7-7CAC-1EDD-82FD-239FC3619C93,UH-1 Y,005056A7-7CAC-1EDD-82FD-239FC35FBC93
005056A7-7CAC-1EDD-82FD-239FC361DC93,737 -500/737-700/737-700 W/737-700C/737-800/737-800A/737-900,005056A7-7CAC-1EDD-82FD-239FC361BC93
005056A7-7CAC-1EDD-82FD-239FC361FC93,737 AEW&C,005056A7-7CAC-1EDD-82FD-239FC361BC93
005056A7-7CAC-1EDD-82FD-239FC3621C93,737 BBJ/737 BBJ2/737 BBJ3,005056A7-7CAC-1EDD-82FD-239FC361BC93
005056A7-7CAC-1EDD-82FD-239FC3623C93,737 MAX 7/737 MAX 8/737 MAX 9/737 MAX 10,005056A7-7CAC-1EDD-82FD-239FC361BC93
005056A7-7CAC-1EDD-82FD-239FC3625C93,747 -400/747-8,005056A7-7CAC-1EDD-82FD-239FC361BC93
005056A7-7CAC-1EDD-82FD-239FC3627C93,767 -200/767-2C/767-300/767-300F/767-400ER,005056A7-7CAC-1EDD-82FD-239FC361BC93
005056A7-7CAC-1EDD-82FD-239FC3629C93,777 -200 LR/777-200/-200 ER/777-300 ER/777 F/777 X ,005056A7-7CAC-1EDD-82FD-239FC361BC93
005056A7-7CAC-1EDD-82FD-239FC362BC93,787 -8/787-9/787-10,005056A7-7CAC-1EDD-82FD-239FC361BC93
005056A7-7CAC-1EDD-82FD-239FC362DC93,BBJ 737 MAX (all variants),005056A7-7CAC-1EDD-82FD-239FC361BC93
005056A7-7CAC-1EDD-82FD-239FC362FC93,C-17,005056A7-7CAC-1EDD-82FD-239FC361BC93
005056A7-7CAC-1EDD-82FD-239FC3631C93,C-17 (NATO),005056A7-7CAC-1EDD-82FD-239FC361BC93
005056A7-7CAC-1EDD-82FD-239FC3633C93,CH-47 F,005056A7-7CAC-1EDD-82FD-239FC361BC93
005056A7-7CAC-1EDD-82FD-239FC3635C93,CH-47 F Block II Upgrade,005056A7-7CAC-1EDD-82FD-239FC361BC93
005056A7-7CAC-1EDD-82FD-239FC3637C93,CH-47 F ReNew,005056A7-7CAC-1EDD-82FD-239FC361BC93
005056A7-7CAC-1EDD-82FD-239FC3639C93,CH-47 J,005056A7-7CAC-1EDD-82FD-239FC361BC93
005056A7-7CAC-1EDD-82FD-239FC363BC93,EC 135,005056A7-7CAC-1EDD-82FD-239FC361BC93
005056A7-7CAC-1EDD-82FD-239FC363DC93,P-8 A,005056A7-7CAC-1EDD-82FD-239FC361BC93
005056A7-7CAC-1EDD-82FD-239FC363FC93,T-45C,005056A7-7CAC-1EDD-82FD-239FC361BC93
005056A7-7CAC-1EDD-82FD-239FC3641C93,T-7 A,005056A7-7CAC-1EDD-82FD-239FC361BC93
005056A7-7CAC-1EDD-82FD-239FC3645C93,AH-64 D,005056A7-7CAC-1EDD-82FD-239FC3643C93
005056A7-7CAC-1EDD-82FD-239FC3647C93,AH-64 E,005056A7-7CAC-1EDD-82FD-239FC3643C93
005056A7-7CAC-1EDD-82FD-239FC3649C93,AH-64 E Reman,005056A7-7CAC-1EDD-82FD-239FC3643C93
005056A7-7CAC-1EDD-82FD-239FC364BC93,AH-6i,005056A7-7CAC-1EDD-82FD-239FC3643C93
005056A7-7CAC-1EDD-82FD-239FC364DC93,EA-18,005056A7-7CAC-1EDD-82FD-239FC3643C93
005056A7-7CAC-1EDD-82FD-239FC364FC93,F/A-18 E/F,005056A7-7CAC-1EDD-82FD-239FC3643C93
005056A7-7CAC-1EDD-82FD-239FC3651C93,F/A-18 F,005056A7-7CAC-1EDD-82FD-239FC3643C93
005056A7-7CAC-1EDD-82FD-239FC3653C93,F-15 E,005056A7-7CAC-1EDD-82FD-239FC3643C93
005056A7-7CAC-1EDD-82FD-239FC3655C93,F-15 K,005056A7-7CAC-1EDD-82FD-239FC3643C93
005056A7-7CAC-1EDD-82FD-239FC3657C93,F-15 QA,005056A7-7CAC-1EDD-82FD-239FC3643C93
005056A7-7CAC-1EDD-82FD-239FC3659C93,F-15 SA,005056A7-7CAC-1EDD-82FD-239FC3643C93
005056A7-7CAC-1EDD-82FD-239FC365BC93,F-15 SG,005056A7-7CAC-1EDD-82FD-239FC3643C93
005056A7-7CAC-1EDD-82FD-239FC365DC93,F-15EX,005056A7-7CAC-1EDD-82FD-239FC3643C93
005056A7-7CAC-1EDD-82FD-239FC365FC93,KC-46A,005056A7-7CAC-1EDD-82FD-239FC3643C93
005056A7-7CAC-1EDD-82FD-239FC3661C93,KC-767,005056A7-7CAC-1EDD-82FD-239FC3643C93
005056A7-7CAC-1EDD-82FD-239FC3663C93,MH-47 G,005056A7-7CAC-1EDD-82FD-239FC3643C93
005056A7-7CAC-1EDD-82FD-239FC3665C93,MH-47 G Block II Upgrade,005056A7-7CAC-1EDD-82FD-239FC3643C93
005056A7-7CAC-1EDD-82FD-239FC3669C93,Challenger 300,005056A7-7CAC-1EDD-82FD-239FC3667C93
005056A7-7CAC-1EDD-82FD-239FC366BC93,Challenger 350,005056A7-7CAC-1EDD-82FD-239FC3667C93
005056A7-7CAC-1EDD-82FD-239FC366DC93,Challenger 605,005056A7-7CAC-1EDD-82FD-239FC3667C93
005056A7-7CAC-1EDD-82FD-239FC366FC93,Challenger 650,005056A7-7CAC-1EDD-82FD-239FC3667C93
005056A7-7CAC-1EDD-82FD-239FC3671C93,Challenger 800 Series,005056A7-7CAC-1EDD-82FD-239FC3667C93
005056A7-7CAC-1EDD-82FD-239FC3673C93,CRJ 700,005056A7-7CAC-1EDD-82FD-239FC3667C93
005056A7-7CAC-1EDD-82FD-239FC3675C93,CRJ 900,005056A7-7CAC-1EDD-82FD-239FC3667C93
005056A7-7CAC-1EDD-82FD-239FC3677C93,CRJ1000,005056A7-7CAC-1EDD-82FD-239FC3667C93
005056A7-7CAC-1EDD-82FD-239FC3679C93,Dash 8-400,005056A7-7CAC-1EDD-82FD-239FC3667C93
005056A7-7CAC-1EDD-82FD-239FC367BC93,Global 5000,005056A7-7CAC-1EDD-82FD-239FC3667C93
005056A7-7CAC-1EDD-82FD-239FC367DC93,Global 5500,005056A7-7CAC-1EDD-82FD-239FC3667C93
005056A7-7CAC-1EDD-82FD-239FC367FC93,Global 6000,005056A7-7CAC-1EDD-82FD-239FC3667C93
005056A7-7CAC-1EDD-82FD-239FC3681C93,Global 6500,005056A7-7CAC-1EDD-82FD-239FC3667C93
005056A7-7CAC-1EDD-82FD-239FC3683C93,Global 7500/Global 8000,005056A7-7CAC-1EDD-82FD-239FC3667C93
005056A7-7CAC-1EDD-82FD-239FC3685C93,Global Express XRS,005056A7-7CAC-1EDD-82FD-239FC3667C93
005056A7-7CAC-1EDD-82FD-239FC3687C93,Learjet 40,005056A7-7CAC-1EDD-82FD-239FC3667C93
005056A7-7CAC-1EDD-82FD-239FC3689C93,Learjet 45,005056A7-7CAC-1EDD-82FD-239FC3667C93
005056A7-7CAC-1EDD-82FD-239FC368BC93,Learjet 60,005056A7-7CAC-1EDD-82FD-239FC3667C93
005056A7-7CAC-1EDD-82FD-239FC368DC93,Learjet 70,005056A7-7CAC-1EDD-82FD-239FC3667C93
005056A7-7CAC-1EDD-82FD-239FC368FC93,Learjet 75,005056A7-7CAC-1EDD-82FD-239FC3667C93
005056A7-7CAC-1EDD-82FD-239FC3691C93,Learjet 85,005056A7-7CAC-1EDD-82FD-239FC3667C93
005056A7-7CAC-1EDD-82FD-239FC3695C93,BN-2 T,005056A7-7CAC-1EDD-82FD-239FC3693C93
005056A7-7CAC-1EDD-82FD-239FC3697C93,BN-2 T -4S Defender 4000,005056A7-7CAC-1EDD-82FD-239FC3693C93
005056A7-7CAC-1EDD-82FD-239FC369BC93,Z-10,005056A7-7CAC-1EDD-82FD-239FC3699C93
005056A7-7CAC-1EDD-82FD-239FC369DC93,Z-11,005056A7-7CAC-1EDD-82FD-239FC3699C93
005056A7-7CAC-1EDD-82FD-239FC369FC93,Z-8,005056A7-7CAC-1EDD-82FD-239FC3699C93
005056A7-7CAC-1EDD-82FD-239FC36A3C93,FC-1,005056A7-7CAC-1EDD-82FD-239FC36A1C93
005056A7-7CAC-1EDD-82FD-239FC36A5C93,J-10,005056A7-7CAC-1EDD-82FD-239FC36A1C93
005056A7-7CAC-1EDD-82FD-239FC36A9C93,SF50 Vision Jet,005056A7-7CAC-1EDD-82FD-239FC36A7C93
005056A7-7CAC-1EDD-82FD-239FC36ABC93,SR20,005056A7-7CAC-1EDD-82FD-239FC36A7C93
005056A7-7CAC-1EDD-82FD-239FC36ADC93,SR22,005056A7-7CAC-1EDD-82FD-239FC36A7C93
005056A7-7CAC-1EDD-82FD-239FC36AFC93,SRV,005056A7-7CAC-1EDD-82FD-239FC36A7C93
005056A7-7CAC-1EDD-82FD-239FC36B3C93,ARJ21,005056A7-7CAC-1EDD-82FD-239FC36B1C93
005056A7-7CAC-1EDD-82FD-239FC36B5C93,C919,005056A7-7CAC-1EDD-82FD-239FC36B1C93
005056A7-7CAC-1EDD-82FD-239FC36B9C93,AT-5,005056A7-7CAC-1EDD-82FD-239FC36B7C93
005056A7-7CAC-1EDD-82FD-239FC36BDC93,Kodiak,005056A7-7CAC-1EDD-82FD-239FC36BBC93
005056A7-7CAC-1EDD-82FD-239FC36BFC93,TBM 850,005056A7-7CAC-1EDD-82FD-239FC36BBC93
005056A7-7CAC-1EDD-82FD-239FC36C1C93,TBM 900,005056A7-7CAC-1EDD-82FD-239FC36BBC93
005056A7-7CAC-1EDD-82FD-239FC36C3C93,TBM 910,005056A7-7CAC-1EDD-82FD-239FC36BBC93
005056A7-7CAC-1EDD-82FD-239FC36C5C93,TBM 930,005056A7-7CAC-1EDD-82FD-239FC36BBC93
005056A7-7CAC-1EDD-82FD-239FC36C7C93,TBM 940,005056A7-7CAC-1EDD-82FD-239FC36BBC93
005056A7-7CAC-1EDD-82FD-239FC36CBC93,Falcon 2000 DX,005056A7-7CAC-1EDD-82FD-239FC36C9C93
005056A7-7CAC-1EDD-82FD-239FC36CDC93,Falcon 2000 EX,005056A7-7CAC-1EDD-82FD-239FC36C9C93
005056A7-7CAC-1EDD-82FD-239FC36CFC93,Falcon 2000 LX,005056A7-7CAC-1EDD-82FD-239FC36C9C93
005056A7-7CAC-1EDD-82FD-239FC36D1C93,Falcon 2000 LXS,005056A7-7CAC-1EDD-82FD-239FC36C9C93
005056A7-7CAC-1EDD-82FD-239FC36D3C93,Falcon 2000 S,005056A7-7CAC-1EDD-82FD-239FC36C9C93
005056A7-7CAC-1EDD-82FD-239FC36D5C93,Falcon 50 EX,005056A7-7CAC-1EDD-82FD-239FC36C9C93
005056A7-7CAC-1EDD-82FD-239FC36D7C93,Falcon 5X,005056A7-7CAC-1EDD-82FD-239FC36C9C93
005056A7-7CAC-1EDD-82FD-239FC36D9C93,Falcon 6X,005056A7-7CAC-1EDD-82FD-239FC36C9C93
005056A7-7CAC-1EDD-82FD-239FC36DBC93,Falcon 7X,005056A7-7CAC-1EDD-82FD-239FC36C9C93
005056A7-7CAC-1EDD-82FD-239FC36DDC93,Falcon 8X,005056A7-7CAC-1EDD-82FD-239FC36C9C93
005056A7-7CAC-1EDD-82FD-239FC36DFC93,Falcon 900 DX,005056A7-7CAC-1EDD-82FD-239FC36C9C93
005056A7-7CAC-1EDD-82FD-239FC36E1C93,Falcon 900 EX,005056A7-7CAC-1EDD-82FD-239FC36C9C93
005056A7-7CAC-1EDD-82FD-239FC36E3C93,Falcon 900 LX,005056A7-7CAC-1EDD-82FD-239FC36C9C93
005056A7-7CAC-1EDD-82FD-239FC36E5C93,Rafale B,005056A7-7CAC-1EDD-82FD-239FC36C9C93
005056A7-7CAC-1EDD-82FD-239FC36E7C93,Rafale B/C,005056A7-7CAC-1EDD-82FD-239FC36C9C93
005056A7-7CAC-1EDD-82FD-239FC36E9C93,Rafale C,005056A7-7CAC-1EDD-82FD-239FC36C9C93
005056A7-7CAC-1EDD-82FD-239FC36EBC93,Rafale M,005056A7-7CAC-1EDD-82FD-239FC36C9C93
005056A7-7CAC-1EDD-82FD-239FC36EFC93,Q200,005056A7-7CAC-1EDD-82FD-239FC36EDC93
005056A7-7CAC-1EDD-82FD-239FC36F1C93,Q300,005056A7-7CAC-1EDD-82FD-239FC36EDC93
005056A7-7CAC-1EDD-82FD-239FC36F3C93,Q300 Multi-mission,005056A7-7CAC-1EDD-82FD-239FC36EDC93
005056A7-7CAC-1EDD-82FD-239FC36F5C93,Q400,005056A7-7CAC-1EDD-82FD-239FC36EDC93
005056A7-7CAC-1EDD-82FD-239FC36F9C93,DA20,005056A7-7CAC-1EDD-82FD-239FC36F7C93
005056A7-7CAC-1EDD-82FD-239FC36FBC93,DA40,005056A7-7CAC-1EDD-82FD-239FC36F7C93
005056A7-7CAC-1EDD-82FD-239FC36FDC93,DA42,005056A7-7CAC-1EDD-82FD-239FC36F7C93
005056A7-7CAC-1EDD-82FD-239FC36FFC93,DA62,005056A7-7CAC-1EDD-82FD-239FC36F7C93
005056A7-7CAC-1EDD-82FD-239FC3701C93,D-JET,005056A7-7CAC-1EDD-82FD-239FC36F7C93
005056A7-7CAC-1EDD-82FD-239FC3705C93,228 -200/-201,005056A7-7CAC-1EDD-82FD-239FC3703C93
005056A7-7CAC-1EDD-82FD-239FC3707C93,228 -212,005056A7-7CAC-1EDD-82FD-239FC3703C93
005056A7-7CAC-1EDD-82FD-239FC370BC93,A-1,005056A7-7CAC-1EDD-82FD-239FC3709C93
005056A7-7CAC-1EDD-82FD-239FC370FC93,Eclipse 500,005056A7-7CAC-1EDD-82FD-239FC370DC93
005056A7-7CAC-1EDD-82FD-239FC3711C93,Eclipse 550,005056A7-7CAC-1EDD-82FD-239FC370DC93
005056A7-7CAC-1EDD-82FD-239FC3715C93,170/175,005056A7-7CAC-1EDD-82FD-239FC3713C93
005056A7-7CAC-1EDD-82FD-239FC3717C93,190/195,005056A7-7CAC-1EDD-82FD-239FC3713C93
005056A7-7CAC-1EDD-82FD-239FC3719C93,300,005056A7-7CAC-1EDD-82FD-239FC3713C93
005056A7-7CAC-1EDD-82FD-239FC371BC93,ALX,005056A7-7CAC-1EDD-82FD-239FC3713C93
005056A7-7CAC-1EDD-82FD-239FC371DC93,E175-E2,005056A7-7CAC-1EDD-82FD-239FC3713C93
005056A7-7CAC-1EDD-82FD-239FC371FC93,E190-E2/E195-E2,005056A7-7CAC-1EDD-82FD-239FC3713C93
005056A7-7CAC-1EDD-82FD-239FC3721C93,ERJ 135,005056A7-7CAC-1EDD-82FD-239FC3713C93
005056A7-7CAC-1EDD-82FD-239FC3723C93,ERJ 145,005056A7-7CAC-1EDD-82FD-239FC3713C93
005056A7-7CAC-1EDD-82FD-239FC3725C93,KC-390,005056A7-7CAC-1EDD-82FD-239FC3713C93
005056A7-7CAC-1EDD-82FD-239FC3727C93,Legacy 450,005056A7-7CAC-1EDD-82FD-239FC3713C93
005056A7-7CAC-1EDD-82FD-239FC3729C93,Legacy 500,005056A7-7CAC-1EDD-82FD-239FC3713C93
005056A7-7CAC-1EDD-82FD-239FC372BC93,Legacy 600,005056A7-7CAC-1EDD-82FD-239FC3713C93
005056A7-7CAC-1EDD-82FD-239FC372DC93,Legacy 650,005056A7-7CAC-1EDD-82FD-239FC3713C93
005056A7-7CAC-1EDD-82FD-239FC372FC93,Lineage 1000,005056A7-7CAC-1EDD-82FD-239FC3713C93
005056A7-7CAC-1EDD-82FD-239FC3731C93,Phenom 100,005056A7-7CAC-1EDD-82FD-239FC3713C93
005056A7-7CAC-1EDD-82FD-239FC3733C93,Phenom 300,005056A7-7CAC-1EDD-82FD-239FC3713C93
005056A7-7CAC-1EDD-82FD-239FC3735C93,Praetor 500,005056A7-7CAC-1EDD-82FD-239FC3713C93
005056A7-7CAC-1EDD-82FD-239FC3737C93,Praetor 600,005056A7-7CAC-1EDD-82FD-239FC3713C93
005056A7-7CAC-1EDD-82FD-239FC3739C93,Super Tucano,005056A7-7CAC-1EDD-82FD-239FC3713C93
005056A7-7CAC-1EDD-82FD-239FC373DC93,480,005056A7-7CAC-1EDD-82FD-239FC373BC93
005056A7-7CAC-1EDD-82FD-239FC373FC93,F-28/280,005056A7-7CAC-1EDD-82FD-239FC373BC93
005056A7-7CAC-1EDD-82FD-239FC3743C93,E1000,005056A7-7CAC-1EDD-82FD-239FC3741C93
005056A7-7CAC-1EDD-82FD-239FC3747C93,EC 120,005056A7-7CAC-1EDD-82FD-239FC3745C93
005056A7-7CAC-1EDD-82FD-239FC3749C93,EC 130 B4,005056A7-7CAC-1EDD-82FD-239FC3745C93
005056A7-7CAC-1EDD-82FD-239FC374BC93,EC 130 T2,005056A7-7CAC-1EDD-82FD-239FC3745C93
005056A7-7CAC-1EDD-82FD-239FC374DC93,EC 145,005056A7-7CAC-1EDD-82FD-239FC3745C93
005056A7-7CAC-1EDD-82FD-239FC374FC93,EC 145 T2,005056A7-7CAC-1EDD-82FD-239FC3745C93
005056A7-7CAC-1EDD-82FD-239FC3751C93,EC 155,005056A7-7CAC-1EDD-82FD-239FC3745C93
005056A7-7CAC-1EDD-82FD-239FC3753C93,EC 175,005056A7-7CAC-1EDD-82FD-239FC3745C93
005056A7-7CAC-1EDD-82FD-239FC3755C93,EC 225,005056A7-7CAC-1EDD-82FD-239FC3745C93
005056A7-7CAC-1EDD-82FD-239FC3757C93,EC 635,005056A7-7CAC-1EDD-82FD-239FC3745C93
005056A7-7CAC-1EDD-82FD-239FC3759C93,EC 725,005056A7-7CAC-1EDD-82FD-239FC3745C93
005056A7-7CAC-1EDD-82FD-239FC375BC93,MRH90,005056A7-7CAC-1EDD-82FD-239FC3745C93
005056A7-7CAC-1EDD-82FD-239FC375FC93,Typhoon,005056A7-7CAC-1EDD-82FD-239FC375DC93
005056A7-7CAC-1EDD-82FD-239FC3763C93,IA-63 Pampa III,005056A7-7CAC-1EDD-82FD-239FC3761C93
005056A7-7CAC-1EDD-82FD-239FC3767C93,G120TP,005056A7-7CAC-1EDD-82FD-239FC3765C93
005056A7-7CAC-1EDD-82FD-239FC3769C93,SPn,005056A7-7CAC-1EDD-82FD-239FC3765C93
005056A7-7CAC-1EDD-82FD-239FC376DC93,Cabri G2,005056A7-7CAC-1EDD-82FD-239FC376BC93
005056A7-7CAC-1EDD-82FD-239FC3771C93,G150,005056A7-7CAC-1EDD-82FD-239FC376FC93
005056A7-7CAC-1EDD-82FD-239FC3773C93,G200,005056A7-7CAC-1EDD-82FD-239FC376FC93
005056A7-7CAC-1EDD-82FD-239FC3775C93,G250,005056A7-7CAC-1EDD-82FD-239FC376FC93
005056A7-7CAC-1EDD-82FD-239FC3777C93,G280,005056A7-7CAC-1EDD-82FD-239FC376FC93
005056A7-7CAC-1EDD-82FD-239FC3779C93,G450,005056A7-7CAC-1EDD-82FD-239FC376FC93
005056A7-7CAC-1EDD-82FD-239FC377BC93,G500/G550,005056A7-7CAC-1EDD-82FD-239FC376FC93
005056A7-7CAC-1EDD-82FD-239FC377DC93,G500/G600,005056A7-7CAC-1EDD-82FD-239FC376FC93
005056A7-7CAC-1EDD-82FD-239FC377FC93,G550,005056A7-7CAC-1EDD-82FD-239FC376FC93
005056A7-7CAC-1EDD-82FD-239FC3781C93,G650,005056A7-7CAC-1EDD-82FD-239FC376FC93
005056A7-7CAC-1EDD-82FD-239FC3783C93,G700,005056A7-7CAC-1EDD-82FD-239FC376FC93
005056A7-7CAC-1EDD-82FD-239FC3787C93,Y-12 E,005056A7-7CAC-1EDD-82FD-239FC3785C93
005056A7-7CAC-1EDD-82FD-239FC3789C93,Y-12 -II/-IV,005056A7-7CAC-1EDD-82FD-239FC3785C93
005056A7-7CAC-1EDD-82FD-239FC378BC93,Z-9,005056A7-7CAC-1EDD-82FD-239FC3785C93
005056A7-7CAC-1EDD-82FD-239FC378FC93,G36,005056A7-7CAC-1EDD-82FD-239FC378DC93
005056A7-7CAC-1EDD-82FD-239FC3793C93,HB 350,005056A7-7CAC-1EDD-82FD-239FC3791C93
005056A7-7CAC-1EDD-82FD-239FC3795C93,HB 350/HB 550,005056A7-7CAC-1EDD-82FD-239FC3791C93
005056A7-7CAC-1EDD-82FD-239FC3799C93,HJT-36,005056A7-7CAC-1EDD-82FD-239FC3797C93
005056A7-7CAC-1EDD-82FD-239FC379BC93,LCA,005056A7-7CAC-1EDD-82FD-239FC3797C93
005056A7-7CAC-1EDD-82FD-239FC379DC93,LCA Prototypes,005056A7-7CAC-1EDD-82FD-239FC3797C93
005056A7-7CAC-1EDD-82FD-239FC379FC93,LCH,005056A7-7CAC-1EDD-82FD-239FC3797C93
005056A7-7CAC-1EDD-82FD-239FC37A3C93,HTT-40,005056A7-7CAC-1EDD-82FD-239FC37A1C93
005056A7-7CAC-1EDD-82FD-239FC37A7C93,Dhruv ALH,005056A7-7CAC-1EDD-82FD-239FC37A5C93
005056A7-7CAC-1EDD-82FD-239FC37ABC93,HondaJet,005056A7-7CAC-1EDD-82FD-239FC37A9C93
005056A7-7CAC-1EDD-82FD-239FC37AFC93,K-8,005056A7-7CAC-1EDD-82FD-239FC37ADC93
005056A7-7CAC-1EDD-82FD-239FC37B3C93,IL-114 -100,005056A7-7CAC-1EDD-82FD-239FC37B1C93
005056A7-7CAC-1EDD-82FD-239FC37B5C93,IL-76,005056A7-7CAC-1EDD-82FD-239FC37B1C93
005056A7-7CAC-1EDD-82FD-239FC37B7C93,IL-96 -300,005056A7-7CAC-1EDD-82FD-239FC37B1C93
005056A7-7CAC-1EDD-82FD-239FC37B9C93,IL-96 -400,005056A7-7CAC-1EDD-82FD-239FC37B1C93
005056A7-7CAC-1EDD-82FD-239FC37BDC93,CN-235 M,005056A7-7CAC-1EDD-82FD-239FC37BBC93
005056A7-7CAC-1EDD-82FD-239FC37BFC93,NAS-332,005056A7-7CAC-1EDD-82FD-239FC37BBC93
005056A7-7CAC-1EDD-82FD-239FC37C1C93,NC-212-200,005056A7-7CAC-1EDD-82FD-239FC37BBC93
005056A7-7CAC-1EDD-82FD-239FC37C3C93,NC212i,005056A7-7CAC-1EDD-82FD-239FC37BBC93
005056A7-7CAC-1EDD-82FD-239FC37C7C93,K-MAX,005056A7-7CAC-1EDD-82FD-239FC37C5C93
005056A7-7CAC-1EDD-82FD-239FC37CBC93,Ka-226,005056A7-7CAC-1EDD-82FD-239FC37C9C93
005056A7-7CAC-1EDD-82FD-239FC37CDC93,Ka-226 T,005056A7-7CAC-1EDD-82FD-239FC37C9C93
005056A7-7CAC-1EDD-82FD-239FC37CFC93,Ka-27/28/29/31,005056A7-7CAC-1EDD-82FD-239FC37C9C93
005056A7-7CAC-1EDD-82FD-239FC37D1C93,Ka-32,005056A7-7CAC-1EDD-82FD-239FC37C9C93
005056A7-7CAC-1EDD-82FD-239FC37D3C93,Ka-50,005056A7-7CAC-1EDD-82FD-239FC37C9C93
005056A7-7CAC-1EDD-82FD-239FC37D5C93,Ka-52,005056A7-7CAC-1EDD-82FD-239FC37C9C93
005056A7-7CAC-1EDD-82FD-239FC37D9C93,BK 117 C-2,005056A7-7CAC-1EDD-82FD-239FC37D7C93
005056A7-7CAC-1EDD-82FD-239FC37DBC93,BK 117 D-2/D-3,005056A7-7CAC-1EDD-82FD-239FC37D7C93
005056A7-7CAC-1EDD-82FD-239FC37DDC93,MCH101/CH101,005056A7-7CAC-1EDD-82FD-239FC37D7C93
005056A7-7CAC-1EDD-82FD-239FC37DFC93,OH-1,005056A7-7CAC-1EDD-82FD-239FC37D7C93
005056A7-7CAC-1EDD-82FD-239FC37E1C93,P-1,005056A7-7CAC-1EDD-82FD-239FC37D7C93
005056A7-7CAC-1EDD-82FD-239FC37E5C93,Ansat,005056A7-7CAC-1EDD-82FD-239FC37E3C93
005056A7-7CAC-1EDD-82FD-239FC37E7C93,Mi-24/25/35,005056A7-7CAC-1EDD-82FD-239FC37E3C93
005056A7-7CAC-1EDD-82FD-239FC37E9C93,Mi-26,005056A7-7CAC-1EDD-82FD-239FC37E3C93
005056A7-7CAC-1EDD-82FD-239FC37EBC93,Mi-28,005056A7-7CAC-1EDD-82FD-239FC37E3C93
005056A7-7CAC-1EDD-82FD-239FC37EDC93,Mi-34,005056A7-7CAC-1EDD-82FD-239FC37E3C93
005056A7-7CAC-1EDD-82FD-239FC37EFC93,Mi-38,005056A7-7CAC-1EDD-82FD-239FC37E3C93
005056A7-7CAC-1EDD-82FD-239FC37F1C93,Mi-8,005056A7-7CAC-1EDD-82FD-239FC37E3C93
005056A7-7CAC-1EDD-82FD-239FC37F3C93,Mi-8/17,005056A7-7CAC-1EDD-82FD-239FC37E3C93
005056A7-7CAC-1EDD-82FD-239FC37F7C93,SH09,005056A7-7CAC-1EDD-82FD-239FC37F5C93
005056A7-7CAC-1EDD-82FD-239FC37FBC93,FA-50,005056A7-7CAC-1EDD-82FD-239FC37F9C93
005056A7-7CAC-1EDD-82FD-239FC37FDC93,KT-1,005056A7-7CAC-1EDD-82FD-239FC37F9C93
005056A7-7CAC-1EDD-82FD-239FC37FFC93,KUH,005056A7-7CAC-1EDD-82FD-239FC37F9C93
005056A7-7CAC-1EDD-82FD-239FC3801C93,LAH,005056A7-7CAC-1EDD-82FD-239FC37F9C93
005056A7-7CAC-1EDD-82FD-239FC3803C93,T-5,005056A7-7CAC-1EDD-82FD-239FC37F9C93
005056A7-7CAC-1EDD-82FD-239FC3805C93,T-50,005056A7-7CAC-1EDD-82FD-239FC37F9C93
005056A7-7CAC-1EDD-82FD-239FC3807C93,T-50/A-50,005056A7-7CAC-1EDD-82FD-239FC37F9C93
005056A7-7CAC-1EDD-82FD-239FC380BC93,AB412/AB412 SP,005056A7-7CAC-1EDD-82FD-239FC3809C93
005056A7-7CAC-1EDD-82FD-239FC380DC93,AW009,005056A7-7CAC-1EDD-82FD-239FC3809C93
005056A7-7CAC-1EDD-82FD-239FC380FC93,AW101 Military Utility,005056A7-7CAC-1EDD-82FD-239FC3809C93
005056A7-7CAC-1EDD-82FD-239FC3811C93,AW119,005056A7-7CAC-1EDD-82FD-239FC3809C93
005056A7-7CAC-1EDD-82FD-239FC3813C93,AW609,005056A7-7CAC-1EDD-82FD-239FC3809C93
005056A7-7CAC-1EDD-82FD-239FC3815C93,C-27 J,005056A7-7CAC-1EDD-82FD-239FC3809C93
005056A7-7CAC-1EDD-82FD-239FC3817C93,M-345,005056A7-7CAC-1EDD-82FD-239FC3809C93
005056A7-7CAC-1EDD-82FD-239FC3819C93,M-346,005056A7-7CAC-1EDD-82FD-239FC3809C93
005056A7-7CAC-1EDD-82FD-239FC381BC93,MH-139,005056A7-7CAC-1EDD-82FD-239FC3809C93
005056A7-7CAC-1EDD-82FD-239FC381FC93,AW101 Naval,005056A7-7CAC-1EDD-82FD-239FC381DC93
005056A7-7CAC-1EDD-82FD-239FC3821C93,AW109 (A109) Grand,005056A7-7CAC-1EDD-82FD-239FC381DC93
005056A7-7CAC-1EDD-82FD-239FC3823C93,AW109 (A109) GrandNew,005056A7-7CAC-1EDD-82FD-239FC381DC93
005056A7-7CAC-1EDD-82FD-239FC3825C93,AW109 (A109) LUH,005056A7-7CAC-1EDD-82FD-239FC381DC93
005056A7-7CAC-1EDD-82FD-239FC3827C93,AW109 (A109) Power,005056A7-7CAC-1EDD-82FD-239FC381DC93
005056A7-7CAC-1EDD-82FD-239FC3829C93,AW139,005056A7-7CAC-1EDD-82FD-239FC381DC93
005056A7-7CAC-1EDD-82FD-239FC382BC93,AW149,005056A7-7CAC-1EDD-82FD-239FC381DC93
005056A7-7CAC-1EDD-82FD-239FC382DC93,AW159 Lynx Wildcat,005056A7-7CAC-1EDD-82FD-239FC381DC93
005056A7-7CAC-1EDD-82FD-239FC382FC93,AW169,005056A7-7CAC-1EDD-82FD-239FC381DC93
005056A7-7CAC-1EDD-82FD-239FC3831C93,AW189,005056A7-7CAC-1EDD-82FD-239FC381DC93
005056A7-7CAC-1EDD-82FD-239FC3833C93,TH-73A,005056A7-7CAC-1EDD-82FD-239FC381DC93
005056A7-7CAC-1EDD-82FD-239FC3837C93,XL-2,005056A7-7CAC-1EDD-82FD-239FC3835C93
005056A7-7CAC-1EDD-82FD-239FC383BC93,AC-130 J,005056A7-7CAC-1EDD-82FD-239FC3839C93
005056A7-7CAC-1EDD-82FD-239FC383DC93,C-130 J,005056A7-7CAC-1EDD-82FD-239FC3839C93
005056A7-7CAC-1EDD-82FD-239FC383FC93,C-130 J -30,005056A7-7CAC-1EDD-82FD-239FC3839C93
005056A7-7CAC-1EDD-82FD-239FC3841C93,F-16 C/D,005056A7-7CAC-1EDD-82FD-239FC3839C93
005056A7-7CAC-1EDD-82FD-239FC3843C93,F-16 E/F,005056A7-7CAC-1EDD-82FD-239FC3839C93
005056A7-7CAC-1EDD-82FD-239FC3845C93,F-16 G,005056A7-7CAC-1EDD-82FD-239FC3839C93
005056A7-7CAC-1EDD-82FD-239FC3847C93,F-16 V,005056A7-7CAC-1EDD-82FD-239FC3839C93
005056A7-7CAC-1EDD-82FD-239FC3849C93,F-22,005056A7-7CAC-1EDD-82FD-239FC3839C93
005056A7-7CAC-1EDD-82FD-239FC384BC93,F-35 (SDD),005056A7-7CAC-1EDD-82FD-239FC3839C93
005056A7-7CAC-1EDD-82FD-239FC384DC93,F-35 A,005056A7-7CAC-1EDD-82FD-239FC3839C93
005056A7-7CAC-1EDD-82FD-239FC384FC93,F-35 B,005056A7-7CAC-1EDD-82FD-239FC3839C93
005056A7-7CAC-1EDD-82FD-239FC3851C93,F-35 C,005056A7-7CAC-1EDD-82FD-239FC3839C93
005056A7-7CAC-1EDD-82FD-239FC3853C93,KC-130 J/HC-130 J/MC-130 J,005056A7-7CAC-1EDD-82FD-239FC3839C93
005056A7-7CAC-1EDD-82FD-239FC3855C93,LM-100J,005056A7-7CAC-1EDD-82FD-239FC3839C93
005056A7-7CAC-1EDD-82FD-239FC3857C93,US101,005056A7-7CAC-1EDD-82FD-239FC3839C93
005056A7-7CAC-1EDD-82FD-239FC385BC93,Airvan 10,005056A7-7CAC-1EDD-82FD-239FC3859C93
005056A7-7CAC-1EDD-82FD-239FC385DC93,Airvan 8,005056A7-7CAC-1EDD-82FD-239FC3859C93
005056A7-7CAC-1EDD-82FD-239FC385FC93,GA8 Airvan,005056A7-7CAC-1EDD-82FD-239FC3859C93
005056A7-7CAC-1EDD-82FD-239FC3863C93,M-4-180V,005056A7-7CAC-1EDD-82FD-239FC3861C93
005056A7-7CAC-1EDD-82FD-239FC3865C93,M-7-235,005056A7-7CAC-1EDD-82FD-239FC3861C93
005056A7-7CAC-1EDD-82FD-239FC3867C93,M-7-260/MT-7-260,005056A7-7CAC-1EDD-82FD-239FC3861C93
005056A7-7CAC-1EDD-82FD-239FC3869C93,M-7-420/MT-7-420/MX-7-420/MXT-7-420,005056A7-7CAC-1EDD-82FD-239FC3861C93
005056A7-7CAC-1EDD-82FD-239FC386BC93,M-9-235,005056A7-7CAC-1EDD-82FD-239FC3861C93
005056A7-7CAC-1EDD-82FD-239FC386DC93,MX-7-180,005056A7-7CAC-1EDD-82FD-239FC3861C93
005056A7-7CAC-1EDD-82FD-239FC3871C93,520N,005056A7-7CAC-1EDD-82FD-239FC386FC93
005056A7-7CAC-1EDD-82FD-239FC3873C93,600N,005056A7-7CAC-1EDD-82FD-239FC386FC93
005056A7-7CAC-1EDD-82FD-239FC3875C93,MD 500E,005056A7-7CAC-1EDD-82FD-239FC386FC93
005056A7-7CAC-1EDD-82FD-239FC3877C93,MD 520N,005056A7-7CAC-1EDD-82FD-239FC386FC93
005056A7-7CAC-1EDD-82FD-239FC3879C93,MD 530F,005056A7-7CAC-1EDD-82FD-239FC386FC93
005056A7-7CAC-1EDD-82FD-239FC387BC93,MD902,005056A7-7CAC-1EDD-82FD-239FC386FC93
005056A7-7CAC-1EDD-82FD-239FC387DC93,MD969,005056A7-7CAC-1EDD-82FD-239FC386FC93
005056A7-7CAC-1EDD-82FD-239FC3881C93,F-2,005056A7-7CAC-1EDD-82FD-239FC387FC93
005056A7-7CAC-1EDD-82FD-239FC3883C93,MRJ SpaceJet,005056A7-7CAC-1EDD-82FD-239FC387FC93
005056A7-7CAC-1EDD-82FD-239FC3885C93,SH-60 K,005056A7-7CAC-1EDD-82FD-239FC387FC93
005056A7-7CAC-1EDD-82FD-239FC3887C93,UH-60 J,005056A7-7CAC-1EDD-82FD-239FC387FC93
005056A7-7CAC-1EDD-82FD-239FC3889C93,UH-60 JA,005056A7-7CAC-1EDD-82FD-239FC387FC93
005056A7-7CAC-1EDD-82FD-239FC388DC93,M20 R Ovation 2,005056A7-7CAC-1EDD-82FD-239FC388BC93
005056A7-7CAC-1EDD-82FD-239FC388FC93,M20 R Ovation 3,005056A7-7CAC-1EDD-82FD-239FC388BC93
005056A7-7CAC-1EDD-82FD-239FC3891C93,M20 TN Acclaim,005056A7-7CAC-1EDD-82FD-239FC388BC93
005056A7-7CAC-1EDD-82FD-239FC3895C93,S-300,005056A7-7CAC-1EDD-82FD-239FC3893C93
005056A7-7CAC-1EDD-82FD-239FC3899C93,NH90,005056A7-7CAC-1EDD-82FD-239FC3897C93
005056A7-7CAC-1EDD-82FD-239FC389BC93,NH90 TTH,005056A7-7CAC-1EDD-82FD-239FC3897C93
005056A7-7CAC-1EDD-82FD-239FC389DC93,NH90/NFH,005056A7-7CAC-1EDD-82FD-239FC3897C93
005056A7-7CAC-1EDD-82FD-239FC389FC93,NH90/TTH,005056A7-7CAC-1EDD-82FD-239FC3897C93
005056A7-7CAC-1EDD-82FD-239FC38A3C93,Mustang,005056A7-7CAC-1EDD-82FD-239FC38A1C93
005056A7-7CAC-1EDD-82FD-239FC38A7C93,B-21,005056A7-7CAC-1EDD-82FD-239FC38A5C93
005056A7-7CAC-1EDD-82FD-239FC38A9C93,C-2,005056A7-7CAC-1EDD-82FD-239FC38A5C93
005056A7-7CAC-1EDD-82FD-239FC38ABC93,E-2 D,005056A7-7CAC-1EDD-82FD-239FC38A5C93
005056A7-7CAC-1EDD-82FD-239FC38ADC93,E-2C,005056A7-7CAC-1EDD-82FD-239FC38A5C93
005056A7-7CAC-1EDD-82FD-239FC38B1C93,P-750,005056A7-7CAC-1EDD-82FD-239FC38AFC93
005056A7-7CAC-1EDD-82FD-239FC38B5C93,Avanti EVO,005056A7-7CAC-1EDD-82FD-239FC38B3C93
005056A7-7CAC-1EDD-82FD-239FC38B7C93,P180 Avanti II,005056A7-7CAC-1EDD-82FD-239FC38B3C93
005056A7-7CAC-1EDD-82FD-239FC38BBC93,PC-12,005056A7-7CAC-1EDD-82FD-239FC38B9C93
005056A7-7CAC-1EDD-82FD-239FC38BDC93,PC-12 NGX,005056A7-7CAC-1EDD-82FD-239FC38B9C93
005056A7-7CAC-1EDD-82FD-239FC38BFC93,PC-21,005056A7-7CAC-1EDD-82FD-239FC38B9C93
005056A7-7CAC-1EDD-82FD-239FC38C1C93,PC-24,005056A7-7CAC-1EDD-82FD-239FC38B9C93
005056A7-7CAC-1EDD-82FD-239FC38C3C93,PC-6,005056A7-7CAC-1EDD-82FD-239FC38B9C93
005056A7-7CAC-1EDD-82FD-239FC38C5C93,PC-7 MkII,005056A7-7CAC-1EDD-82FD-239FC38B9C93
005056A7-7CAC-1EDD-82FD-239FC38C7C93,PC-9,005056A7-7CAC-1EDD-82FD-239FC38B9C93
005056A7-7CAC-1EDD-82FD-239FC38CBC93,M350,005056A7-7CAC-1EDD-82FD-239FC38C9C93
005056A7-7CAC-1EDD-82FD-239FC38CDC93,M600,005056A7-7CAC-1EDD-82FD-239FC38C9C93
005056A7-7CAC-1EDD-82FD-239FC38CFC93,Malibu Meridian,005056A7-7CAC-1EDD-82FD-239FC38C9C93
005056A7-7CAC-1EDD-82FD-239FC38D1C93,Matrix,005056A7-7CAC-1EDD-82FD-239FC38C9C93
005056A7-7CAC-1EDD-82FD-239FC38D3C93,PA-32R-301T Turbo Saratoga II TC,005056A7-7CAC-1EDD-82FD-239FC38C9C93
005056A7-7CAC-1EDD-82FD-239FC38D5C93,PA-44-180 Seminole,005056A7-7CAC-1EDD-82FD-239FC38C9C93
005056A7-7CAC-1EDD-82FD-239FC38D7C93,PA-46-350P Malibu Mirage,005056A7-7CAC-1EDD-82FD-239FC38C9C93
005056A7-7CAC-1EDD-82FD-239FC38D9C93,Pilot 100,005056A7-7CAC-1EDD-82FD-239FC38C9C93
005056A7-7CAC-1EDD-82FD-239FC38DBC93,PiperJet,005056A7-7CAC-1EDD-82FD-239FC38C9C93
005056A7-7CAC-1EDD-82FD-239FC38DDC93,Seneca,005056A7-7CAC-1EDD-82FD-239FC38C9C93
005056A7-7CAC-1EDD-82FD-239FC38DFC93,Warrior,005056A7-7CAC-1EDD-82FD-239FC38C9C93
005056A7-7CAC-1EDD-82FD-239FC38E3C93,M-18,005056A7-7CAC-1EDD-82FD-239FC38E1C93
005056A7-7CAC-1EDD-82FD-239FC38E5C93,M28,005056A7-7CAC-1EDD-82FD-239FC38E1C93
005056A7-7CAC-1EDD-82FD-239FC38E9C93,PZL-106BT,005056A7-7CAC-1EDD-82FD-239FC38E7C93
005056A7-7CAC-1EDD-82FD-239FC38EDC93,SW-4,005056A7-7CAC-1EDD-82FD-239FC38EBC93
005056A7-7CAC-1EDD-82FD-239FC38EFC93,W-3 Sokol,005056A7-7CAC-1EDD-82FD-239FC38EBC93
005056A7-7CAC-1EDD-82FD-239FC38F3C93,F406,005056A7-7CAC-1EDD-82FD-239FC38F1C93
005056A7-7CAC-1EDD-82FD-239FC38F7C93,R22,005056A7-7CAC-1EDD-82FD-239FC38F5C93
005056A7-7CAC-1EDD-82FD-239FC38F9C93,R44,005056A7-7CAC-1EDD-82FD-239FC38F5C93
005056A7-7CAC-1EDD-82FD-239FC38FBC93,R66,005056A7-7CAC-1EDD-82FD-239FC38F5C93
005056A7-7CAC-1EDD-82FD-239FC38FFC93,JAS 39 C/D/Export,005056A7-7CAC-1EDD-82FD-239FC38FDC93
005056A7-7CAC-1EDD-82FD-239FC3901C93,JAS 39 E/F,005056A7-7CAC-1EDD-82FD-239FC38FDC93
005056A7-7CAC-1EDD-82FD-239FC3905C93,Y-8,005056A7-7CAC-1EDD-82FD-239FC3903C93
005056A7-7CAC-1EDD-82FD-239FC3909C93,J-11 B/J-15,005056A7-7CAC-1EDD-82FD-239FC3907C93
005056A7-7CAC-1EDD-82FD-239FC390DC93,US-2,005056A7-7CAC-1EDD-82FD-239FC390BC93
005056A7-7CAC-1EDD-82FD-239FC3911C93,CH-53 K,005056A7-7CAC-1EDD-82FD-239FC390FC93
005056A7-7CAC-1EDD-82FD-239FC3913C93,H-92,005056A7-7CAC-1EDD-82FD-239FC390FC93
005056A7-7CAC-1EDD-82FD-239FC3915C93,HH-60 W,005056A7-7CAC-1EDD-82FD-239FC390FC93
005056A7-7CAC-1EDD-82FD-239FC3917C93,MH-60 R,005056A7-7CAC-1EDD-82FD-239FC390FC93
005056A7-7CAC-1EDD-82FD-239FC3919C93,MH-60 S,005056A7-7CAC-1EDD-82FD-239FC390FC93
005056A7-7CAC-1EDD-82FD-239FC391BC93,S-333,005056A7-7CAC-1EDD-82FD-239FC390FC93
005056A7-7CAC-1EDD-82FD-239FC391DC93,S-434,005056A7-7CAC-1EDD-82FD-239FC390FC93
005056A7-7CAC-1EDD-82FD-239FC391FC93,S-70 B,005056A7-7CAC-1EDD-82FD-239FC390FC93
005056A7-7CAC-1EDD-82FD-239FC3921C93,S-76 C++,005056A7-7CAC-1EDD-82FD-239FC390FC93
005056A7-7CAC-1EDD-82FD-239FC3923C93,S-76 D,005056A7-7CAC-1EDD-82FD-239FC390FC93
005056A7-7CAC-1EDD-82FD-239FC3925C93,S-92,005056A7-7CAC-1EDD-82FD-239FC390FC93
005056A7-7CAC-1EDD-82FD-239FC3927C93,UH-60 M,005056A7-7CAC-1EDD-82FD-239FC390FC93
005056A7-7CAC-1EDD-82FD-239FC3929C93,UH-60 M/HH-60 M,005056A7-7CAC-1EDD-82FD-239FC390FC93
005056A7-7CAC-1EDD-82FD-239FC392BC93,UH-60/S-70,005056A7-7CAC-1EDD-82FD-239FC390FC93
005056A7-7CAC-1EDD-82FD-239FC392DC93,VH-92A,005056A7-7CAC-1EDD-82FD-239FC390FC93
005056A7-7CAC-1EDD-82FD-239FC3931C93,T-7,005056A7-7CAC-1EDD-82FD-239FC392FC93
005056A7-7CAC-1EDD-82FD-239FC3933C93,UH-1 J,005056A7-7CAC-1EDD-82FD-239FC392FC93
005056A7-7CAC-1EDD-82FD-239FC3935C93,UH-X,005056A7-7CAC-1EDD-82FD-239FC392FC93
005056A7-7CAC-1EDD-82FD-239FC3939C93,Su-27,005056A7-7CAC-1EDD-82FD-239FC3937C93
005056A7-7CAC-1EDD-82FD-239FC393BC93,Superjet 100 -95,005056A7-7CAC-1EDD-82FD-239FC3937C93
005056A7-7CAC-1EDD-82FD-239FC393FC93,SJ30 -2,005056A7-7CAC-1EDD-82FD-239FC393DC93
005056A7-7CAC-1EDD-82FD-239FC3943C93,P2006T,005056A7-7CAC-1EDD-82FD-239FC3941C93
005056A7-7CAC-1EDD-82FD-239FC3945C93,P2010,005056A7-7CAC-1EDD-82FD-239FC3941C93
005056A7-7CAC-1EDD-82FD-239FC3947C93,P2012,005056A7-7CAC-1EDD-82FD-239FC3941C93
005056A7-7CAC-1EDD-82FD-239FC394BC93,Baron 58,005056A7-7CAC-1EDD-82FD-239FC3949C93
005056A7-7CAC-1EDD-82FD-239FC394DC93,Denali,005056A7-7CAC-1EDD-82FD-239FC3949C93
005056A7-7CAC-1EDD-82FD-239FC394FC93,Hawker 200,005056A7-7CAC-1EDD-82FD-239FC3949C93
005056A7-7CAC-1EDD-82FD-239FC3951C93,Hawker 4000,005056A7-7CAC-1EDD-82FD-239FC3949C93
005056A7-7CAC-1EDD-82FD-239FC3953C93,Hawker 400XP,005056A7-7CAC-1EDD-82FD-239FC3949C93
005056A7-7CAC-1EDD-82FD-239FC3955C93,Hawker 750,005056A7-7CAC-1EDD-82FD-239FC3949C93
005056A7-7CAC-1EDD-82FD-239FC3957C93,Hawker 850XP,005056A7-7CAC-1EDD-82FD-239FC3949C93
005056A7-7CAC-1EDD-82FD-239FC3959C93,Hawker 900XP,005056A7-7CAC-1EDD-82FD-239FC3949C93
005056A7-7CAC-1EDD-82FD-239FC395BC93,King Air  B200,005056A7-7CAC-1EDD-82FD-239FC3949C93
005056A7-7CAC-1EDD-82FD-239FC395DC93,King Air 250,005056A7-7CAC-1EDD-82FD-239FC3949C93
005056A7-7CAC-1EDD-82FD-239FC395FC93,King Air 350,005056A7-7CAC-1EDD-82FD-239FC3949C93
005056A7-7CAC-1EDD-82FD-239FC3961C93,King Air 360/360ER,005056A7-7CAC-1EDD-82FD-239FC3949C93
005056A7-7CAC-1EDD-82FD-239FC3963C93,King Air B200 GT,005056A7-7CAC-1EDD-82FD-239FC3949C93
005056A7-7CAC-1EDD-82FD-239FC3965C93,King Air C90 GT,005056A7-7CAC-1EDD-82FD-239FC3949C93
005056A7-7CAC-1EDD-82FD-239FC3967C93,Premier I/IA,005056A7-7CAC-1EDD-82FD-239FC3949C93
005056A7-7CAC-1EDD-82FD-239FC3969C93,T-6A,005056A7-7CAC-1EDD-82FD-239FC3949C93
005056A7-7CAC-1EDD-82FD-239FC396BC93,T-6B,005056A7-7CAC-1EDD-82FD-239FC3949C93
005056A7-7CAC-1EDD-82FD-239FC396FC93,172,005056A7-7CAC-1EDD-82FD-239FC396DC93
005056A7-7CAC-1EDD-82FD-239FC3971C93,206 Cessna/T206,005056A7-7CAC-1EDD-82FD-239FC396DC93
005056A7-7CAC-1EDD-82FD-239FC3973C93,208 B Grand Caravan,005056A7-7CAC-1EDD-82FD-239FC396DC93
005056A7-7CAC-1EDD-82FD-239FC3975C93,400,005056A7-7CAC-1EDD-82FD-239FC396DC93
005056A7-7CAC-1EDD-82FD-239FC3977C93,400/Corvallis TT,005056A7-7CAC-1EDD-82FD-239FC396DC93
005056A7-7CAC-1EDD-82FD-239FC3979C93,510,005056A7-7CAC-1EDD-82FD-239FC396DC93
005056A7-7CAC-1EDD-82FD-239FC397BC93,Caravan Series 675,005056A7-7CAC-1EDD-82FD-239FC396DC93
005056A7-7CAC-1EDD-82FD-239FC397DC93,Citation Encore+,005056A7-7CAC-1EDD-82FD-239FC396DC93
005056A7-7CAC-1EDD-82FD-239FC397FC93,Citation Latitude,005056A7-7CAC-1EDD-82FD-239FC396DC93
005056A7-7CAC-1EDD-82FD-239FC3981C93,Citation Longitude,005056A7-7CAC-1EDD-82FD-239FC396DC93
005056A7-7CAC-1EDD-82FD-239FC3983C93,Citation Sovereign,005056A7-7CAC-1EDD-82FD-239FC396DC93
005056A7-7CAC-1EDD-82FD-239FC3985C93,Citation Sovereign+,005056A7-7CAC-1EDD-82FD-239FC396DC93
005056A7-7CAC-1EDD-82FD-239FC3987C93,Citation X,005056A7-7CAC-1EDD-82FD-239FC396DC93
005056A7-7CAC-1EDD-82FD-239FC3989C93,Citation X+,005056A7-7CAC-1EDD-82FD-239FC396DC93
005056A7-7CAC-1EDD-82FD-239FC398BC93,Citation XLS,005056A7-7CAC-1EDD-82FD-239FC396DC93
005056A7-7CAC-1EDD-82FD-239FC398DC93,Citation XLS+,005056A7-7CAC-1EDD-82FD-239FC396DC93
005056A7-7CAC-1EDD-82FD-239FC398FC93,CitationJet CJ1/CJ1+,005056A7-7CAC-1EDD-82FD-239FC396DC93
005056A7-7CAC-1EDD-82FD-239FC3991C93,CitationJet CJ2+,005056A7-7CAC-1EDD-82FD-239FC396DC93
005056A7-7CAC-1EDD-82FD-239FC3993C93,CitationJet CJ3,005056A7-7CAC-1EDD-82FD-239FC396DC93
005056A7-7CAC-1EDD-82FD-239FC3995C93,CitationJet CJ3+,005056A7-7CAC-1EDD-82FD-239FC396DC93
005056A7-7CAC-1EDD-82FD-239FC3997C93,CitationJet CJ4,005056A7-7CAC-1EDD-82FD-239FC396DC93
005056A7-7CAC-1EDD-82FD-239FC3999C93,CitationJet M2,005056A7-7CAC-1EDD-82FD-239FC396DC93
005056A7-7CAC-1EDD-82FD-239FC399BC93,Grand Caravan EX,005056A7-7CAC-1EDD-82FD-239FC396DC93
005056A7-7CAC-1EDD-82FD-239FC399DC93,SkyCourier,005056A7-7CAC-1EDD-82FD-239FC396DC93
005056A7-7CAC-1EDD-82FD-239FC399FC93,Skylane 182,005056A7-7CAC-1EDD-82FD-239FC396DC93
005056A7-7CAC-1EDD-82FD-239FC39A3C93,550P,005056A7-7CAC-1EDD-82FD-239FC39A1C93
005056A7-7CAC-1EDD-82FD-239FC39A5C93,660 Turbo-Thrush,005056A7-7CAC-1EDD-82FD-239FC39A1C93
005056A7-7CAC-1EDD-82FD-239FC39A7C93,710P,005056A7-7CAC-1EDD-82FD-239FC39A1C93
005056A7-7CAC-1EDD-82FD-239FC39ABC93,Tu-204,005056A7-7CAC-1EDD-82FD-239FC39A9C93
005056A7-7CAC-1EDD-82FD-239FC39AFC93,Hurkus,005056A7-7CAC-1EDD-82FD-239FC39ADC93
005056A7-7CAC-1EDD-82FD-239FC39B1C93,T129,005056A7-7CAC-1EDD-82FD-239FC39ADC93
005056A7-7CAC-1EDD-82FD-239FC39B5C93,MC-21,005056A7-7CAC-1EDD-82FD-239FC39B3C93
005056A7-7CAC-1EDD-82FD-239FC39B7C93,MiG-29,005056A7-7CAC-1EDD-82FD-239FC39B3C93
005056A7-7CAC-1EDD-82FD-239FC39B9C93,MiG-29 UB,005056A7-7CAC-1EDD-82FD-239FC39B3C93
005056A7-7CAC-1EDD-82FD-239FC39BDC93,415,005056A7-7CAC-1EDD-82FD-239FC39BBC93
005056A7-7CAC-1EDD-82FD-239FC39BFC93,DHC-6 Twin Otter Series 400,005056A7-7CAC-1EDD-82FD-239FC39BBC93
005056A7-7CAC-1EDD-82FD-239FC39C3C93,A-Viator,005056A7-7CAC-1EDD-82FD-239FC39C1C93
005056A7-7CAC-1EDD-82FD-239FC39C5C93,P.68,005056A7-7CAC-1EDD-82FD-239FC39C1C93
005056A7-7CAC-1EDD-82FD-239FC39C9C93,MA60,005056A7-7CAC-1EDD-82FD-239FC39C7C93
005056A7-7CAC-1EDD-82FD-239FC39CBC93,MA600,005056A7-7CAC-1EDD-82FD-239FC39C7C93
005056A7-7CAC-1EDD-82FD-239FC39CDC93,MA700,005056A7-7CAC-1EDD-82FD-239FC39C7C93
005056A7-7CAC-1EDD-82FD-239FC39D1C93,Yak-130,005056A7-7CAC-1EDD-82FD-239FC39CFC93
005056A7-7CAC-1EDD-82FD-239FC39D5C93,Arrow,005056A7-7CAC-1EDD-82FD-239FC39D3C93
005056A7-7CAC-1EDD-82FD-239FC39D7C93,Challenger X,005056A7-7CAC-1EDD-82FD-239FC39D3C93
005056A7-7CAC-1EDD-82FD-239FC39D9C93,Future Attack Reconnaissance Aircraft,005056A7-7CAC-1EDD-82FD-239FC39D3C93
005056A7-7CAC-1EDD-82FD-239FC39DBC93,Future Long-Range Assault Aircraft,005056A7-7CAC-1EDD-82FD-239FC39D3C93
005056A7-7CAC-1EDD-82FD-239FC39DDC93,German Air Force Heavylift Rotorcraft,005056A7-7CAC-1EDD-82FD-239FC39D3C93
005056A7-7CAC-1EDD-82FD-239FC39DFC93,Jaguar International,005056A7-7CAC-1EDD-82FD-239FC39D3C93
005056A7-7CAC-1EDD-82FD-239FC39E1C93,U.S. Navy Training Helicopter,005056A7-7CAC-1EDD-82FD-239FC39D3C93